0.0000000000e+00, 0.0000000000e+00
7.6679129829e+04, 6.1361875776e-04
7.6679129829e+04, 6.1361875776e-04
7.7459346666e+04, 6.1984235211e-04
7.7459346666e+04, 6.1984235211e-04
7.7459346666e+04, 6.1984235211e-04
7.7459346666e+04, 6.1984235211e-04
8.0069502755e+04, 6.4064469973e-04
8.0069502755e+04, 6.4064469973e-04
8.0470991780e+04, 6.4383040166e-04
8.0470991780e+04, 6.4383040166e-04
8.4320017759e+04, 6.7439375932e-04
8.4320017759e+04, 6.7439375932e-04
8.4320017759e+04, 6.7439375932e-04
8.4320017759e+04, 6.7439375932e-04
8.6582750088e+04, 6.9237520443e-04
8.6582750088e+04, 6.9237520443e-04
8.6582750088e+04, 6.9237520444e-04
8.6582750088e+04, 6.9237520444e-04
9.0027511724e+04, 7.1972777225e-04
9.0027511724e+04, 7.1972777225e-04
9.0349898399e+04, 7.2229714600e-04
9.0349898399e+04, 7.2229714600e-04
9.0349898399e+04, 7.2229714600e-04
9.0349898399e+04, 7.2229714600e-04
9.1375313353e+04, 7.3049662331e-04
9.1375313353e+04, 7.3049662331e-04
9.1554631452e+04, 7.3197410715e-04
9.1554631452e+04, 7.3197410715e-04
9.2243540189e+04, 7.3765469641e-04
9.2243540189e+04, 7.3765469641e-04
9.5339144102e+04, 7.6318204400e-04
9.5339144102e+04, 7.6318204400e-04
9.5980122510e+04, 7.6845021713e-04
9.5980122510e+04, 7.6845021713e-04
9.6008820202e+04, 7.6868520169e-04
9.6008820202e+04, 7.6868520169e-04
9.6193551623e+04, 7.7019741937e-04
9.6193551623e+04, 7.7019741937e-04
9.8144255370e+04, 7.8663086673e-04
9.8144255370e+04, 7.8663086673e-04
9.9665790128e+04, 7.9945297410e-04
9.9665790128e+04, 7.9945297410e-04
1.0005539908e+05, 8.0272454828e-04
1.0005539908e+05, 8.0272454828e-04
1.0030898176e+05, 8.0509112127e-04
1.0030898176e+05, 8.0509112127e-04
1.0047374645e+05, 8.0662425988e-04
1.0047374645e+05, 8.0662425988e-04
1.0117867733e+05, 8.1362277167e-04
1.0117867733e+05, 8.1362277167e-04
1.0117867733e+05, 8.1362277167e-04
1.0117867733e+05, 8.1362277167e-04
1.0266539629e+05, 8.2859128597e-04
1.0266539629e+05, 8.2859128598e-04
1.0339797931e+05, 8.3596873744e-04
1.0339797931e+05, 8.3596873744e-04
1.0423620827e+05, 8.4543100815e-04
1.0423620827e+05, 8.4543100815e-04
1.0429904988e+05, 8.4637930529e-04
1.0429904988e+05, 8.4637930529e-04
1.0511238609e+05, 8.6133695349e-04
1.0511238609e+05, 8.6133695349e-04
1.0750864519e+05, 9.0540241067e-04
1.0750864519e+05, 9.0540241067e-04
1.0750864519e+05, 9.0540241067e-04
1.0750864519e+05, 9.0540241067e-04
1.0852615354e+05, 9.2427337444e-04
1.0852615354e+05, 9.2427337445e-04
1.0876993481e+05, 9.2880730162e-04
1.0876993481e+05, 9.2880730162e-04
1.0876993481e+05, 9.2880730162e-04
1.0876993481e+05, 9.2880730162e-04
1.0927354149e+05, 9.3849008255e-04
1.0927354149e+05, 9.3849008255e-04
1.0927354149e+05, 9.3849008255e-04
1.0927354149e+05, 9.3849008255e-04
1.0927354149e+05, 9.3849008255e-04
1.0927354149e+05, 9.3849008255e-04
1.1175949410e+05, 9.8746316074e-04
1.1175949410e+05, 9.8746316074e-04
1.1177996639e+05, 9.8787268857e-04
1.1177996639e+05, 9.8787268857e-04
1.1183593392e+05, 9.8900079786e-04
1.1183593392e+05, 9.8900079786e-04
1.1183593392e+05, 9.8900079786e-04
1.1183593392e+05, 9.8900079786e-04
1.1216016476e+05, 9.9585002424e-04
1.1216016476e+05, 9.9585002424e-04
1.1241706567e+05, 1.0013226918e-03
1.1241706567e+05, 1.0013226918e-03
1.1244748213e+05, 1.0019843477e-03
1.1244748213e+05, 1.0019843477e-03
1.1246868738e+05, 1.0024453507e-03
1.1246868738e+05, 1.0024453507e-03
1.1271620040e+05, 1.0081104474e-03
1.1271620040e+05, 1.0081104474e-03
1.1293993750e+05, 1.0137707243e-03
1.1293993751e+05, 1.0137707243e-03
1.1303585350e+05, 1.0161974086e-03
1.1303585350e+05, 1.0161974086e-03
1.1303585350e+05, 1.0161974086e-03
1.1303585350e+05, 1.0161974086e-03
1.1303585350e+05, 1.0161974086e-03
1.1303585350e+05, 1.0161974086e-03
1.1313274207e+05, 1.0186713713e-03
1.1313274207e+05, 1.0186713713e-03
1.1313274207e+05, 1.0186713713e-03
1.1313274207e+05, 1.0186713713e-03
1.1434342170e+05, 1.0495965669e-03
1.1434342170e+05, 1.0495965669e-03
1.1434342170e+05, 1.0495965669e-03
1.1434342170e+05, 1.0495965669e-03
1.1436391635e+05, 1.0501332459e-03
1.1436391635e+05, 1.0501332459e-03
1.1436391635e+05, 1.0501332459e-03
1.1436391635e+05, 1.0501332459e-03
1.1495940577e+05, 1.0663939454e-03
1.1495940577e+05, 1.0663939454e-03
1.1495940577e+05, 1.0663939454e-03
1.1495940577e+05, 1.0663939454e-03
1.1495940577e+05, 1.0663939454e-03
1.1495940577e+05, 1.0663939455e-03
1.1517132468e+05, 1.0722322920e-03
1.1517132468e+05, 1.0722322920e-03
1.1517132468e+05, 1.0722322920e-03
1.1517132468e+05, 1.0722322920e-03
1.1547287610e+05, 1.0814386736e-03
1.1547287610e+05, 1.0814386736e-03
1.1580956926e+05, 1.0932367125e-03
1.1580956926e+05, 1.0932367125e-03
1.1619658039e+05, 1.1068144645e-03
1.1619658039e+05, 1.1068144645e-03
1.1619658039e+05, 1.1068144645e-03
1.1619658039e+05, 1.1068144645e-03
1.1710420328e+05, 1.1407178706e-03
1.1710420328e+05, 1.1407178706e-03
1.1732347978e+05, 1.1515498406e-03
1.1732347978e+05, 1.1515498406e-03
1.1742450269e+05, 1.1565321159e-03
1.1742450269e+05, 1.1565321160e-03
1.1748320937e+05, 1.1594277597e-03
1.1748320937e+05, 1.1594277597e-03
1.1755072870e+05, 1.1628204286e-03
1.1755072870e+05, 1.1628204286e-03
1.1755072870e+05, 1.1628204286e-03
1.1755072870e+05, 1.1628204286e-03
1.1755072870e+05, 1.1628204286e-03
1.1755072870e+05, 1.1628204286e-03
1.1759940110e+05, 1.1652856568e-03
1.1759940110e+05, 1.1652856568e-03
1.1759940110e+05, 1.1652856568e-03
1.1759940110e+05, 1.1652856568e-03
1.1794358363e+05, 1.1839399803e-03
1.1794358363e+05, 1.1839399803e-03
1.1794358363e+05, 1.1839399804e-03
1.1794358363e+05, 1.1839399804e-03
1.1794358363e+05, 1.1839399804e-03
1.1794358363e+05, 1.1839399804e-03
1.1804546282e+05, 1.1895486472e-03
1.1804546282e+05, 1.1895486472e-03
1.1804546282e+05, 1.1895486472e-03
1.1804546282e+05, 1.1895486472e-03
1.1804546282e+05, 1.1895486472e-03
1.1804546283e+05, 1.1895486475e-03
1.1810424395e+05, 1.1928414570e-03
1.1810424395e+05, 1.1928414570e-03
1.1810424395e+05, 1.1928414570e-03
1.1810424395e+05, 1.1928414570e-03
1.1810593425e+05, 1.1930086309e-03
1.1810593425e+05, 1.1930086309e-03
1.1810593425e+05, 1.1930086309e-03
1.1810593425e+05, 1.1930086309e-03
1.1851443343e+05, 1.2413216864e-03
1.1851443343e+05, 1.2413216864e-03
1.1854057450e+05, 1.2452045652e-03
1.1854057450e+05, 1.2452045653e-03
1.1863059841e+05, 1.2586693073e-03
1.1863059841e+05, 1.2586693074e-03
1.1904498902e+05, 1.3216293999e-03
1.1904498902e+05, 1.3216293999e-03
1.1930514599e+05, 1.3635193571e-03
1.1930514599e+05, 1.3635193571e-03
1.1930514599e+05, 1.3635193571e-03
1.1930514599e+05, 1.3635193571e-03
1.1932344690e+05, 1.3665570501e-03
1.1932344690e+05, 1.3665570501e-03
1.1932344690e+05, 1.3665570501e-03
1.1932344690e+05, 1.3665570501e-03
1.1932344690e+05, 1.3665570501e-03
1.1932344690e+05, 1.3665570501e-03
1.1939001923e+05, 1.3794507146e-03
1.1939001923e+05, 1.3794507146e-03
1.1939001923e+05, 1.3794507146e-03
1.1939001923e+05, 1.3794507146e-03
1.1939002007e+05, 1.3794508776e-03
1.1939002007e+05, 1.3794508776e-03
1.1939002007e+05, 1.3794508776e-03
1.1939002007e+05, 1.3794508778e-03
1.1981185227e+05, 1.4611492761e-03
1.1981187080e+05, 1.4611528623e-03
1.2008285126e+05, 1.5136977739e-03
1.2008285126e+05, 1.5136977739e-03
1.2008287943e+05, 1.5137033558e-03
1.2008287943e+05, 1.5137033558e-03
1.2031266391e+05, 1.5593587417e-03
1.2031266391e+05, 1.5593587417e-03
1.2031268334e+05, 1.5593626119e-03
1.2031268334e+05, 1.5593626119e-03
1.2056747538e+05, 1.6119922853e-03
1.2056747538e+05, 1.6119922853e-03
1.2056760924e+05, 1.6120201732e-03
1.2056760924e+05, 1.6120201732e-03
1.2067463149e+05, 1.6344462104e-03
1.2067485912e+05, 1.6344943077e-03
1.2067485912e+05, 1.6344943077e-03
1.2067647525e+05, 1.6348379930e-03
1.2127306369e+05, 1.7617070044e-03
1.2127306369e+05, 1.7617070044e-03
1.2127312396e+05, 1.7617198745e-03
1.2127312396e+05, 1.7617198745e-03
1.2127326665e+05, 1.7617504425e-03
1.2156608172e+05, 1.8244910600e-03
1.2160690977e+05, 1.8332391373e-03
1.2160690977e+05, 1.8332391373e-03
1.2160705542e+05, 1.8332703995e-03
1.2160705542e+05, 1.8332703995e-03
1.2167422795e+05, 1.8476852239e-03
1.2167422795e+05, 1.8476852239e-03
1.2167422795e+05, 1.8476852239e-03
1.2167422795e+05, 1.8476852239e-03
1.2167422795e+05, 1.8476852239e-03
1.2167431465e+05, 1.8477055629e-03
1.2167444538e+05, 1.8477364359e-03
1.2167444538e+05, 1.8477364359e-03
1.2167444538e+05, 1.8477364359e-03
1.2167444538e+05, 1.8477364359e-03
1.2167463587e+05, 1.8477827153e-03
1.2168849615e+05, 1.8511532862e-03
1.2180532043e+05, 1.8795649369e-03
1.2180543261e+05, 1.8795926996e-03
1.2186145468e+05, 1.8936809372e-03
1.2186152317e+05, 1.8936981931e-03
1.2195052818e+05, 1.9161117516e-03
1.2195056824e+05, 1.9161219236e-03
1.2207400014e+05, 1.9474750102e-03
1.2207400014e+05, 1.9474750102e-03
1.2207400014e+05, 1.9474750102e-03
1.2207424327e+05, 1.9475519521e-03
1.2207424327e+05, 1.9475519521e-03
1.2207424327e+05, 1.9475519521e-03
1.2207424327e+05, 1.9475519521e-03
1.2207438169e+05, 1.9475983459e-03
1.2221017747e+05, 1.9931030547e-03
1.2221017747e+05, 1.9931030547e-03
1.2221321353e+05, 1.9941203838e-03
1.2221321353e+05, 1.9941203838e-03
1.2226643954e+05, 2.0120213039e-03
1.2226646400e+05, 2.0120297242e-03
1.2230990557e+05, 2.0276551239e-03
1.2230990557e+05, 2.0276551239e-03
1.2231589827e+05, 2.0298135920e-03
1.2231589827e+05, 2.0298135920e-03
1.2245559898e+05, 2.0801961304e-03
1.2245559898e+05, 2.0801961304e-03
1.2245590716e+05, 2.0803075014e-03
1.2245590716e+05, 2.0803075014e-03
1.2246518689e+05, 2.0836596768e-03
1.2246518689e+05, 2.0836596768e-03
1.2246556541e+05, 2.0837980416e-03
1.2246556541e+05, 2.0837980416e-03
1.2251171933e+05, 2.1008327857e-03
1.2251526694e+05, 2.1021426540e-03
1.2260311728e+05, 2.1345822924e-03
1.2260515975e+05, 2.1353456021e-03
1.2273934005e+05, 2.1858377697e-03
1.2273934005e+05, 2.1858377697e-03
1.2273971356e+05, 2.1859876180e-03
1.2273971356e+05, 2.1859876180e-03
1.2297635710e+05, 2.2831726966e-03
1.2297648703e+05, 2.2832267477e-03
1.2298826312e+05, 2.2881587109e-03
1.2298947739e+05, 2.2886681755e-03
1.2306960119e+05, 2.3222815387e-03
1.2306985339e+05, 2.3223881966e-03
1.2317778274e+05, 2.3684223378e-03
1.2317810235e+05, 2.3685586625e-03
1.2324622703e+05, 2.3977338573e-03
1.2324833008e+05, 2.3986394618e-03
1.2348455673e+05, 2.5007701582e-03
1.2348476702e+05, 2.5008616706e-03
1.2351112086e+05, 2.5123425360e-03
1.2351112086e+05, 2.5123425360e-03
1.2351145479e+05, 2.5124881156e-03
1.2351145479e+05, 2.5124881156e-03
1.2352826515e+05, 2.5198563268e-03
1.2355117792e+05, 2.5299215499e-03
1.2355133340e+05, 2.5299918150e-03
1.2356065201e+05, 2.5343306864e-03
1.2361213891e+05, 2.5582981724e-03
1.2361223274e+05, 2.5583430986e-03
1.2361223274e+05, 2.5583430986e-03
1.2361223274e+05, 2.5583430986e-03
1.2361223274e+05, 2.5583430986e-03
1.2361251483e+05, 2.5584827164e-03
1.2371383763e+05, 2.6086369073e-03
1.2371383763e+05, 2.6086369073e-03
1.2371383763e+05, 2.6086369073e-03
1.2371412994e+05, 2.6087854525e-03
1.2371450296e+05, 2.6089749882e-03
1.2371450296e+05, 2.6089749882e-03
1.2371477463e+05, 2.6091167361e-03
1.2371557821e+05, 2.6095361208e-03
1.2371890594e+05, 2.6112728961e-03
1.2371890594e+05, 2.6112728961e-03
1.2371977656e+05, 2.6117282899e-03
1.2371977656e+05, 2.6117282899e-03
1.2373980906e+05, 2.6222329389e-03
1.2374139206e+05, 2.6230640367e-03
1.2427443465e+05, 2.9027893457e-03
1.2427443465e+05, 2.9027893457e-03
1.2427625679e+05, 2.9037449158e-03
1.2428528356e+05, 2.9084882560e-03
1.2428849885e+05, 2.9101772430e-03
1.2429078285e+05, 2.9113765815e-03
1.2437221059e+05, 2.9541353579e-03
1.2437221059e+05, 2.9541353579e-03
1.2437221059e+05, 2.9541353579e-03
1.2437221751e+05, 2.9541390632e-03
1.2437221751e+05, 2.9541390632e-03
1.2437221751e+05, 2.9541390632e-03
1.2437221751e+05, 2.9541390635e-03
1.2437222077e+05, 2.9541408620e-03
1.2441854584e+05, 2.9796875171e-03
1.2441854584e+05, 2.9796875171e-03
1.2441871600e+05, 2.9797840558e-03
1.2441871600e+05, 2.9797840558e-03
1.2441964508e+05, 2.9803156977e-03
1.2441964508e+05, 2.9803156977e-03
1.2441964508e+05, 2.9803156977e-03
1.2442196337e+05, 2.9816645892e-03
1.2445339857e+05, 2.9999594303e-03
